"sample","group","reason_median_logCPM","reason_low_within_group_correlation","sample_weight","avg_within_group_cor"
"MSCCR_reGRID_1002_Biopsy_1736","Control",FALSE,FALSE,1.05758631691288,0.93666371884926
"MSCCR_reGRID_1008_Biopsy_1740","CD",FALSE,FALSE,1.97466122671333,0.939691964084598
"MSCCR_reGRID_101_Biopsy_203","CD",FALSE,FALSE,2.40910084658423,0.94422020932839
"MSCCR_reGRID_1012_Biopsy_1744","CD",FALSE,FALSE,0.574248031013781,0.909685488762127
"MSCCR_reGRID_1013_Biopsy_1745","CD",FALSE,FALSE,0.76037369358825,0.921934748806243
"MSCCR_reGRID_1015_Biopsy_1747","Control",FALSE,FALSE,0.883361234138208,0.925234494199226
"MSCCR_reGRID_1017_Biopsy_1750","Control",FALSE,FALSE,0.476558490180851,0.903809170176818
"MSCCR_reGRID_1019_Biopsy_1756","CD",FALSE,FALSE,0.883785119373226,0.927258387004224
"MSCCR_reGRID_102_Biopsy_205","CD",FALSE,FALSE,3.19157327816924,0.946974484966055
"MSCCR_reGRID_1020_Biopsy_1759","CD",FALSE,FALSE,0.422632620774884,0.900724006354255
"MSCCR_reGRID_1021_Biopsy_1760","Control",FALSE,FALSE,0.584926044561724,0.921248626877256
"MSCCR_reGRID_1022_Biopsy_1762","Control",FALSE,FALSE,0.457801234750399,0.898783700189548
"MSCCR_reGRID_1026_Biopsy_1764","CD",FALSE,FALSE,0.850341654787056,0.922248850164746
"MSCCR_reGRID_103_Biopsy_208","CD",FALSE,FALSE,0.639856435339611,0.913865669677628
"MSCCR_reGRID_1031_Biopsy_1770","CD",FALSE,FALSE,0.745416247948093,0.929190749768087
"MSCCR_reGRID_1033_Biopsy_1775","Control",FALSE,FALSE,0.949439692167468,0.928914049948429
"MSCCR_reGRID_1034_Biopsy_1777","CD",FALSE,FALSE,0.823838846645127,0.928672251011179
"MSCCR_reGRID_1036_Biopsy_1779","Control",FALSE,FALSE,0.454743815017381,0.904733213908271
"MSCCR_reGRID_1048_Biopsy_1793","Control",FALSE,FALSE,1.04103468975531,0.933731010612735
"MSCCR_reGRID_1049_Biopsy_1795","CD",FALSE,FALSE,0.515994725230995,0.920496704106075
"MSCCR_reGRID_1053_Biopsy_1798","CD",FALSE,FALSE,0.727025356667316,0.928921183560403
"MSCCR_reGRID_1069_Biopsy_1811","Control",FALSE,FALSE,0.986235874023578,0.939011225938131
"MSCCR_reGRID_107_Biopsy_215","CD",FALSE,FALSE,0.860749615660658,0.92501872564077
"MSCCR_reGRID_1072_Biopsy_1814","CD",FALSE,FALSE,0.797476559503872,0.929108336800149
"MSCCR_reGRID_1076_Biopsy_1822","Control",FALSE,FALSE,0.918894648370462,0.93849784148939
"MSCCR_reGRID_1077_Biopsy_1824","CD",FALSE,FALSE,1.4890593949292,0.933992087266295
"MSCCR_reGRID_1078_Biopsy_1827","CD",FALSE,FALSE,0.831940159937158,0.928121635914387
"MSCCR_reGRID_1080_Biopsy_1831","Control",FALSE,FALSE,0.782967625218424,0.927767527315712
"MSCCR_reGRID_1081_Biopsy_1834","Control",FALSE,FALSE,0.452071449277869,0.911260061809755
"MSCCR_reGRID_1085_Biopsy_1842","Control",FALSE,FALSE,0.662537801279158,0.933577814896497
"MSCCR_reGRID_1089_Biopsy_1851","CD",FALSE,FALSE,1.37859427464942,0.931048039660392
"MSCCR_reGRID_109_Biopsy_217","CD",FALSE,FALSE,1.09188565436411,0.937122236659937
"MSCCR_reGRID_1096_Biopsy_1863","CD",FALSE,FALSE,0.828580886703261,0.925564754810346
"MSCCR_reGRID_1099_Biopsy_1866","CD",FALSE,FALSE,0.896129898803157,0.930820581296195
"MSCCR_reGRID_1104_Biopsy_1876","CD",FALSE,FALSE,0.549292799502892,0.912893999796272
"MSCCR_reGRID_1108_Biopsy_1879","Control",FALSE,FALSE,1.92664968587789,0.942800614574024
"MSCCR_reGRID_1109_Biopsy_1882","CD",FALSE,FALSE,0.465972114068923,0.899221699041747
"MSCCR_reGRID_111_Biopsy_225","CD",FALSE,FALSE,1.26246995276421,0.937309645348929
"MSCCR_reGRID_1111_Biopsy_1884","Control",FALSE,FALSE,1.57749593599403,0.939082554723805
"MSCCR_reGRID_1112_Biopsy_1886","Control",FALSE,FALSE,0.990370734912902,0.937284258899853
"MSCCR_reGRID_1115_Biopsy_1893","Control",FALSE,FALSE,0.616017205235628,0.92104860876427
"MSCCR_reGRID_112_Biopsy_228","CD",FALSE,FALSE,1.78203356928156,0.936741568222445
"MSCCR_reGRID_1123_Biopsy_1903","Control",FALSE,FALSE,1.2995027063626,0.913091899913581
"MSCCR_reGRID_1124_Biopsy_1905","CD",FALSE,FALSE,0.958114017184444,0.931879948833926
"MSCCR_reGRID_1125_Biopsy_1907","CD",FALSE,FALSE,1.33719027913816,0.931521631676659
"MSCCR_reGRID_1127_Biopsy_1911","Control",FALSE,FALSE,0.517771207336561,0.915245899194173
"MSCCR_reGRID_113_Biopsy_231","CD",FALSE,FALSE,1.56873732080509,0.93605764463021
"MSCCR_reGRID_1134_Biopsy_1917","Control",FALSE,FALSE,0.662676323828715,0.92227876962792
"MSCCR_reGRID_1148_Biopsy_1929","CD",FALSE,FALSE,1.22463842899499,0.935751380650196
"MSCCR_reGRID_1151_Biopsy_1939","Control",FALSE,FALSE,0.854599907977765,0.932442813433069
"MSCCR_reGRID_1152_Biopsy_1941","Control",FALSE,FALSE,0.790623136707271,0.93514691828602
"MSCCR_reGRID_116_Biopsy_235","CD",FALSE,FALSE,0.727256216536226,0.92079946464927
"MSCCR_reGRID_1165_Biopsy_1953","CD",FALSE,FALSE,0.806905027336814,0.924387962834789
"MSCCR_reGRID_1166_Biopsy_1955","Control",FALSE,FALSE,1.82019085535021,0.942084697316533
"MSCCR_reGRID_1167_Biopsy_1958","CD",FALSE,FALSE,0.751750073424777,0.927073505221335
"MSCCR_reGRID_118_Biopsy_241","CD",FALSE,FALSE,1.49767253139223,0.933069095432123
"MSCCR_reGRID_1180_Biopsy_1973","CD",FALSE,FALSE,1.05650085979247,0.933722317114732
"MSCCR_reGRID_1184_Biopsy_1976","Control",FALSE,FALSE,2.24955755453497,0.945461095620809
"MSCCR_reGRID_1186_Biopsy_1980","CD",FALSE,FALSE,0.719932335792818,0.912244515501467
"MSCCR_reGRID_1187_Biopsy_1984","CD",FALSE,FALSE,0.790384183498007,0.930461258998099
"MSCCR_reGRID_1192_Biopsy_1985","CD",FALSE,FALSE,0.959035395089764,0.929804683357791
"MSCCR_reGRID_1195_Biopsy_1991","CD",FALSE,FALSE,1.20815046979792,0.934501164026105
"MSCCR_reGRID_1201_Biopsy_1993","Control",FALSE,FALSE,0.831527714740165,0.932755241819379
"MSCCR_reGRID_1203_Biopsy_1997","CD",FALSE,TRUE,0.303277930546115,0.85530957629014
"MSCCR_reGRID_1207_Biopsy_2005","CD",FALSE,FALSE,0.941143669992535,0.921043018966051
"MSCCR_reGRID_1214_Biopsy_2007","CD",FALSE,FALSE,0.909254032686128,0.929822314711843
"MSCCR_reGRID_123_Biopsy_247","CD",FALSE,FALSE,3.50686866598632,0.944617742353383
"MSCCR_reGRID_1233_Biopsy_2012","CD",FALSE,FALSE,1.26901974140311,0.933848068046334
"MSCCR_reGRID_1258_Biopsy_2016","CD",FALSE,FALSE,1.41427818367766,0.929122101490334
"MSCCR_reGRID_127_Biopsy_252","CD",FALSE,FALSE,1.03341388855644,0.93296666671538
"MSCCR_reGRID_128_Biopsy_256","CD",FALSE,FALSE,1.23213944917366,0.934851476270359
"MSCCR_reGRID_129_Biopsy_257","CD",FALSE,FALSE,1.85379170094258,0.939119069646801
"MSCCR_reGRID_1291_Biopsy_2022","CD",FALSE,FALSE,0.605803317709387,0.928868334328525
"MSCCR_reGRID_1292_Biopsy_2024","CD",FALSE,FALSE,0.573602273807288,0.910747264456637
"MSCCR_reGRID_1299_Biopsy_2029","CD",FALSE,FALSE,0.617992989604072,0.917709517548121
"MSCCR_reGRID_13_Biopsy_25","CD",FALSE,FALSE,0.637693017371209,0.910549685200414
"MSCCR_reGRID_130_Biopsy_260","CD",FALSE,FALSE,1.6051490584437,0.936734277719944
"MSCCR_reGRID_1300_Biopsy_2031","CD",FALSE,FALSE,0.760682364485897,0.922231566414425
"MSCCR_reGRID_1318_Biopsy_2051","CD",FALSE,FALSE,1.05906477635202,0.931890249206878
"MSCCR_reGRID_1319_Biopsy_2055","CD",FALSE,FALSE,0.553880087049508,0.903898748139957
"MSCCR_reGRID_132_Biopsy_265","CD",FALSE,FALSE,1.25135774531819,0.93075759608921
"MSCCR_reGRID_1323_Biopsy_2057","CD",FALSE,FALSE,0.854269691717699,0.929805391451114
"MSCCR_reGRID_1326_Biopsy_2059","CD",FALSE,FALSE,1.06530387399722,0.933243390854733
"MSCCR_reGRID_133_Biopsy_269","CD",FALSE,FALSE,1.03947964325539,0.935922720564192
"MSCCR_reGRID_1330_Biopsy_2066","Control",FALSE,FALSE,0.916278434289706,0.932037452332593
"MSCCR_reGRID_1331_Biopsy_2068","Control",FALSE,FALSE,0.740173987897507,0.932062331662026
"MSCCR_reGRID_1332_Biopsy_2071","Control",FALSE,FALSE,1.57441903576392,0.940613931227884
"MSCCR_reGRID_1335_Biopsy_2074","Control",FALSE,FALSE,0.784662311713991,0.899852810311401
"MSCCR_reGRID_1337_Biopsy_2076","Control",FALSE,FALSE,1.73690010028029,0.942432670709274
"MSCCR_reGRID_1339_Biopsy_2077","CD",FALSE,FALSE,0.430990130672979,0.902352112435438
"MSCCR_reGRID_134_Biopsy_270","CD",FALSE,FALSE,2.18623494719443,0.941116204540159
"MSCCR_reGRID_1340_Biopsy_2079","Control",FALSE,FALSE,0.945578783226563,0.929173643439772
"MSCCR_reGRID_1343_Biopsy_2083","CD",FALSE,FALSE,0.447864535185798,0.911223707600043
"MSCCR_reGRID_1344_Biopsy_2084","Control",FALSE,FALSE,0.587681235047885,0.90806042348003
"MSCCR_reGRID_1345_Biopsy_2087","CD",FALSE,FALSE,0.374423938769733,0.898564602186516
"MSCCR_reGRID_1346_Biopsy_2088","Control",FALSE,FALSE,1.12673509670649,0.930091413440789
"MSCCR_reGRID_1351_Biopsy_2094","Control",FALSE,FALSE,1.79267597695945,0.945842043543839
"MSCCR_reGRID_1353_Biopsy_2097","Control",FALSE,FALSE,1.53055177853013,0.942430139327037
"MSCCR_reGRID_1355_Biopsy_2101","Control",FALSE,FALSE,2.38853367063152,0.946351711908285
"MSCCR_reGRID_1356_Biopsy_2104","Control",FALSE,FALSE,0.472889799575855,0.906506177229737
"MSCCR_reGRID_1359_Biopsy_2107","Control",FALSE,FALSE,0.794562787396852,0.926636129607822
"MSCCR_reGRID_1360_Biopsy_2109","Control",FALSE,FALSE,0.640037753925816,0.912999109065001
"MSCCR_reGRID_1361_Biopsy_2111","Control",FALSE,FALSE,1.83327297243688,0.939710482911977
"MSCCR_reGRID_1362_Biopsy_2113","CD",FALSE,FALSE,1.30708093105516,0.934874802145138
"MSCCR_reGRID_1363_Biopsy_2117","Control",FALSE,FALSE,0.731342031007209,0.932969477320014
"MSCCR_reGRID_1366_Biopsy_2124","CD",FALSE,FALSE,0.641882408140191,0.917747338155357
"MSCCR_reGRID_1370_Biopsy_2130","Control",FALSE,FALSE,1.61677310461478,0.940923889598858
"MSCCR_reGRID_1372_Biopsy_2132","Control",FALSE,FALSE,0.744222710363464,0.932422762207736
"MSCCR_reGRID_1373_Biopsy_2134","Control",FALSE,FALSE,1.07679666454207,0.928353084830687
"MSCCR_reGRID_1375_Biopsy_2138","Control",FALSE,FALSE,0.954494010997027,0.930680101878691
"MSCCR_reGRID_138_Biopsy_278","CD",FALSE,FALSE,2.20380317529211,0.940322967018827
"MSCCR_reGRID_1385_Biopsy_2149","Control",FALSE,FALSE,1.04141924709149,0.935890804815619
"MSCCR_reGRID_1388_Biopsy_2154","Control",FALSE,FALSE,2.36137271849281,0.948793764589223
"MSCCR_reGRID_1389_Biopsy_2156","Control",FALSE,FALSE,0.413992000821423,0.928158197431304
"MSCCR_reGRID_139_Biopsy_279","CD",FALSE,FALSE,1.6776921694724,0.938756973663138
"MSCCR_reGRID_1392_Biopsy_2163","Control",FALSE,FALSE,1.78629518305195,0.944000592619099
"MSCCR_reGRID_1393_Biopsy_2165","Control",FALSE,FALSE,1.4890509847097,0.945300336697288
"MSCCR_reGRID_1398_Biopsy_2169","Control",FALSE,FALSE,0.65014193685334,0.921466522428244
"MSCCR_reGRID_1400_Biopsy_2174","Control",FALSE,FALSE,1.77814758654623,0.943299181300943
"MSCCR_reGRID_1409_Biopsy_2189","CD",FALSE,TRUE,0.131759753502615,0.761001459365729
"MSCCR_reGRID_141_Biopsy_282","CD",FALSE,FALSE,0.70232296338571,0.909548335650972
"MSCCR_reGRID_1415_Biopsy_2190","CD",FALSE,FALSE,2.02977979089024,0.923408908949874
"MSCCR_reGRID_1418_Biopsy_2195","Control",FALSE,FALSE,0.679898769244169,0.920576400125302
"MSCCR_reGRID_1427_Biopsy_2209","CD",FALSE,FALSE,1.53570522165693,0.934201257641352
"MSCCR_reGRID_1433_Biopsy_2214","CD",FALSE,FALSE,0.840646932108233,0.92060089487742
"MSCCR_reGRID_1437_Biopsy_2218","CD",FALSE,FALSE,0.44176158374926,0.884619144891592
"MSCCR_reGRID_1441_Biopsy_2224","CD",FALSE,FALSE,0.442136423234178,0.88578987848966
"MSCCR_reGRID_1445_Biopsy_2229","CD",FALSE,FALSE,0.655150060372164,0.8902155342288
"MSCCR_reGRID_1446_Biopsy_2231","CD",FALSE,FALSE,0.903614524187959,0.921751313462811
"MSCCR_reGRID_1451_Biopsy_2238","CD",FALSE,FALSE,0.466579716653468,0.910440952696108
"MSCCR_reGRID_1455_Biopsy_2242","CD",FALSE,FALSE,1.6701336667984,0.93791412604566
"MSCCR_reGRID_1464_Biopsy_2247","CD",FALSE,FALSE,0.883314009773885,0.928976413086463
"MSCCR_reGRID_1466_Biopsy_2250","CD",FALSE,FALSE,0.518702740295448,0.920996035572353
"MSCCR_reGRID_1467_Biopsy_2251","CD",FALSE,FALSE,1.96717332992979,0.941814126023943
"MSCCR_reGRID_147_Biopsy_293","CD",FALSE,FALSE,1.04400386009568,0.923351351379054
"MSCCR_reGRID_1472_Biopsy_2258","CD",FALSE,FALSE,0.743229838892407,0.916874840233696
"MSCCR_reGRID_1477_Biopsy_2262","CD",FALSE,FALSE,0.760193737044178,0.922293953188192
"MSCCR_reGRID_1482_Biopsy_2268","CD",FALSE,FALSE,0.634137692226391,0.922806428059211
"MSCCR_reGRID_1485_Biopsy_2270","CD",FALSE,FALSE,0.792563657542692,0.926736701214605
"MSCCR_reGRID_1486_Biopsy_2273","CD",FALSE,FALSE,0.555968312252862,0.902077624987429
"MSCCR_reGRID_1488_Biopsy_2274","CD",FALSE,FALSE,0.570099930829209,0.903539104136809
"MSCCR_reGRID_1490_Biopsy_2278","CD",FALSE,FALSE,0.540977311579464,0.906834539191913
"MSCCR_reGRID_1491_Biopsy_2279","CD",FALSE,FALSE,0.814754043695691,0.923894710999011
"MSCCR_reGRID_1494_Biopsy_2285","CD",FALSE,FALSE,0.772991885839332,0.920279237876319
"MSCCR_reGRID_1499_Biopsy_2294","CD",FALSE,FALSE,1.02155504564214,0.925834309461711
"MSCCR_reGRID_15_Biopsy_32","CD",FALSE,FALSE,2.51366370275682,0.942504839721762
"MSCCR_reGRID_1501_Biopsy_2296","CD",FALSE,TRUE,0.281562992889142,0.865956002535399
"MSCCR_reGRID_1505_Biopsy_2300","CD",FALSE,FALSE,0.464461418763169,0.908574220023374
"MSCCR_reGRID_1507_Biopsy_2304","CD",FALSE,FALSE,0.822976068883566,0.931364772790438
"MSCCR_reGRID_151_Biopsy_296","CD",FALSE,FALSE,1.82144325813102,0.937526483614144
"MSCCR_reGRID_1514_Biopsy_2316","CD",FALSE,FALSE,0.624573264915076,0.921959844529694
"MSCCR_reGRID_1518_Biopsy_2319","CD",FALSE,FALSE,0.572236593973539,0.899637363348872
"MSCCR_reGRID_1522_Biopsy_2325","CD",FALSE,FALSE,0.641542416126158,0.912950972581191
"MSCCR_reGRID_1524_Biopsy_2329","CD",FALSE,FALSE,0.634679619740439,0.917672080223279
"MSCCR_reGRID_1529_Biopsy_2334","CD",FALSE,FALSE,0.403268739362594,0.890876027272348
"MSCCR_reGRID_153_Biopsy_299","CD",FALSE,FALSE,1.44256988033996,0.934102111827708
"MSCCR_reGRID_1538_Biopsy_2340","CD",FALSE,FALSE,0.92889673862188,0.933748985270897
"MSCCR_reGRID_1542_Biopsy_2348","CD",FALSE,FALSE,0.486777438416799,0.892987916466982
"MSCCR_reGRID_1545_Biopsy_2354","CD",FALSE,FALSE,0.471295370528122,0.900715297794778
"MSCCR_reGRID_1552_Biopsy_2365","CD",FALSE,FALSE,0.695010691258429,0.918691245541653
"MSCCR_reGRID_1555_Biopsy_2368","CD",FALSE,FALSE,0.834909327690965,0.914690558127604
"MSCCR_reGRID_1564_Biopsy_2383","CD",FALSE,FALSE,0.948470334151355,0.933961587563742
"MSCCR_reGRID_1569_Biopsy_2387","CD",FALSE,FALSE,0.512208417806166,0.908544665836382
"MSCCR_reGRID_1572_Biopsy_2389","CD",FALSE,FALSE,0.843454549676681,0.921225301076635
"MSCCR_reGRID_1573_Biopsy_2392","CD",FALSE,FALSE,0.499553190382937,0.899188485087139
"MSCCR_reGRID_1581_Biopsy_2403","CD",FALSE,FALSE,0.823340830363738,0.934352213884659
"MSCCR_reGRID_1587_Biopsy_2410","Control",FALSE,FALSE,1.31048920087461,0.938628860156094
"MSCCR_reGRID_16_Biopsy_34","CD",FALSE,FALSE,1.23315239830988,0.937131984809599
"MSCCR_reGRID_1602_Biopsy_2420","CD",FALSE,FALSE,0.744709303540008,0.924154148903624
"MSCCR_reGRID_1608_Biopsy_2426","CD",FALSE,FALSE,0.894963032472081,0.922252281346637
"MSCCR_reGRID_1619_Biopsy_2436","CD",FALSE,FALSE,0.767656201355348,0.925624365736965
"MSCCR_reGRID_1625_Biopsy_2449","CD",FALSE,FALSE,1.00473911807913,0.936621780041108
"MSCCR_reGRID_1627_Biopsy_2453","CD",FALSE,FALSE,0.816604039964919,0.917145462386429
"MSCCR_reGRID_163_Biopsy_317","Control",FALSE,FALSE,0.814060815406274,0.933192946257879
"MSCCR_reGRID_1634_Biopsy_2456","CD",FALSE,FALSE,0.388431721709585,0.891755423537811
"MSCCR_reGRID_1638_Biopsy_2462","CD",FALSE,FALSE,0.522142494905051,0.898568036539049
"MSCCR_reGRID_1641_Biopsy_2468","CD",FALSE,FALSE,0.543166008609974,0.910376475879256
"MSCCR_reGRID_1643_Biopsy_2470","CD",FALSE,FALSE,0.728069417831589,0.91041742007483
"MSCCR_reGRID_165_Biopsy_320","CD",FALSE,FALSE,0.433723080553689,0.909494186119201
"MSCCR_reGRID_1655_Biopsy_2478","CD",FALSE,FALSE,1.5745937307598,0.942546660986531
"MSCCR_reGRID_166_Biopsy_321","CD",FALSE,FALSE,0.960020438537818,0.931907517929634
"MSCCR_reGRID_17_Biopsy_38","CD",FALSE,FALSE,1.96254435513808,0.940561482986484
"MSCCR_reGRID_174_Biopsy_331","CD",FALSE,FALSE,0.941979612909868,0.925304229955537
"MSCCR_reGRID_175_Biopsy_334","CD",FALSE,FALSE,0.600046175886551,0.907748434127272
"MSCCR_reGRID_177_Biopsy_339","CD",FALSE,FALSE,2.24664393704553,0.942795703095699
"MSCCR_reGRID_180_Biopsy_344","CD",FALSE,FALSE,1.97704041842034,0.940470532916921
"MSCCR_reGRID_182_Biopsy_347","CD",FALSE,FALSE,2.2511511942983,0.941204640783326
"MSCCR_reGRID_184_Biopsy_351","CD",FALSE,FALSE,1.6817406457571,0.935478097240513
"MSCCR_reGRID_185_Biopsy_353","CD",FALSE,FALSE,1.89617674085191,0.942678705073948
"MSCCR_reGRID_187_Biopsy_355","CD",FALSE,FALSE,1.71085858109367,0.934170021372779
"MSCCR_reGRID_19_Biopsy_43","CD",FALSE,FALSE,1.27320119846578,0.931067353225736
"MSCCR_reGRID_193_Biopsy_370","CD",FALSE,FALSE,1.0808793437621,0.936500779578715
"MSCCR_reGRID_194_Biopsy_373","CD",FALSE,FALSE,1.08019815907193,0.929780379904948
"MSCCR_reGRID_196_Biopsy_376","CD",FALSE,FALSE,0.565768355754769,0.931201778867136
"MSCCR_reGRID_199_Biopsy_384","CD",FALSE,FALSE,0.593019685599541,0.90394790166559
"MSCCR_reGRID_20_Biopsy_46","CD",FALSE,FALSE,1.97086234240269,0.943298451776368
"MSCCR_reGRID_202_Biopsy_392","CD",FALSE,FALSE,0.707730386495663,0.91487158346478
"MSCCR_reGRID_205_Biopsy_400","CD",FALSE,FALSE,0.680103615420092,0.914702167272882
"MSCCR_reGRID_206_Biopsy_401","CD",FALSE,FALSE,1.64550576742552,0.935765345941818
"MSCCR_reGRID_210_Biopsy_409","CD",FALSE,FALSE,1.4632841939223,0.935402249945444
"MSCCR_reGRID_212_Biopsy_416","CD",FALSE,FALSE,0.70903438068074,0.924972295795862
"MSCCR_reGRID_213_Biopsy_419","CD",FALSE,FALSE,1.32570864727454,0.934117801677997
"MSCCR_reGRID_214_Biopsy_422","CD",FALSE,FALSE,0.677193674744752,0.911123056751463
"MSCCR_reGRID_216_Biopsy_426","CD",FALSE,FALSE,0.883715346481511,0.93465573973397
"MSCCR_reGRID_217_Biopsy_427","CD",FALSE,FALSE,1.33530175934413,0.928021900908687
"MSCCR_reGRID_22_Biopsy_49","CD",FALSE,FALSE,0.971300197307154,0.924911824910249
"MSCCR_reGRID_229_Biopsy_452","CD",FALSE,FALSE,1.46105762772928,0.934780312759167
"MSCCR_reGRID_230_Biopsy_453","CD",FALSE,FALSE,2.13119593926695,0.94337872635737
"MSCCR_reGRID_235_Biopsy_463","CD",FALSE,FALSE,2.13732037059321,0.941023172196104
"MSCCR_reGRID_242_Biopsy_474","CD",FALSE,FALSE,1.33795943662904,0.932897658830172
"MSCCR_reGRID_245_Biopsy_480","CD",FALSE,FALSE,2.3950355266889,0.945929553477458
"MSCCR_reGRID_246_Biopsy_483","CD",FALSE,FALSE,2.08588631979642,0.93832497340314
"MSCCR_reGRID_248_Biopsy_486","CD",FALSE,FALSE,1.26921885460504,0.93305470589334
"MSCCR_reGRID_25_Biopsy_54","CD",FALSE,FALSE,0.427607803251805,0.879065088744143
"MSCCR_reGRID_250_Biopsy_488","CD",FALSE,FALSE,1.20264576580287,0.934371596469996
"MSCCR_reGRID_251_Biopsy_491","CD",FALSE,FALSE,2.26751952237912,0.939123599929175
"MSCCR_reGRID_257_Biopsy_503","CD",FALSE,FALSE,1.0791330211457,0.923538839111147
"MSCCR_reGRID_258_Biopsy_507","CD",FALSE,FALSE,1.56308566720986,0.940790267597884
"MSCCR_reGRID_262_Biopsy_515","CD",FALSE,FALSE,1.25777115974324,0.928355737509745
"MSCCR_reGRID_263_Biopsy_516","CD",FALSE,FALSE,1.22832957778297,0.937053657285787
"MSCCR_reGRID_265_Biopsy_519","CD",FALSE,FALSE,0.75785830554835,0.927476753292259
"MSCCR_reGRID_269_Biopsy_531","CD",FALSE,FALSE,2.23955482524768,0.944122031097001
"MSCCR_reGRID_27_Biopsy_57","CD",FALSE,FALSE,1.29789059637103,0.939218724960373
"MSCCR_reGRID_270_Biopsy_533","CD",FALSE,FALSE,0.584949372535774,0.921109931443021
"MSCCR_reGRID_274_Biopsy_540","CD",FALSE,FALSE,1.59775021480068,0.941410652669541
"MSCCR_reGRID_276_Biopsy_546","CD",FALSE,FALSE,0.613443061490812,0.904311200398204
"MSCCR_reGRID_28_Biopsy_60","CD",FALSE,FALSE,0.53874121046783,0.92508760444445
"MSCCR_reGRID_281_Biopsy_561","CD",FALSE,FALSE,1.51670194258051,0.934333921231371
"MSCCR_reGRID_282_Biopsy_564","CD",FALSE,FALSE,1.28032571944851,0.934523615781584
"MSCCR_reGRID_286_Biopsy_572","CD",FALSE,FALSE,1.83695593246966,0.941083203093974
"MSCCR_reGRID_287_Biopsy_575","CD",FALSE,FALSE,1.59900599728268,0.936288312148611
"MSCCR_reGRID_29_Biopsy_62","CD",FALSE,FALSE,0.939153169498153,0.930697945008406
"MSCCR_reGRID_290_Biopsy_579","CD",FALSE,FALSE,0.608595245260411,0.902983969353188
"MSCCR_reGRID_291_Biopsy_581","CD",FALSE,FALSE,1.30919828805286,0.940927896647945
"MSCCR_reGRID_298_Biopsy_593","CD",FALSE,FALSE,2.12321772157489,0.942313952958238
"MSCCR_reGRID_3_Biopsy_6","CD",FALSE,FALSE,1.5199634338673,0.933120677082022
"MSCCR_reGRID_303_Biopsy_603","CD",FALSE,FALSE,0.519569046850868,0.905225064254813
"MSCCR_reGRID_304_Biopsy_607","CD",FALSE,FALSE,1.06222760544488,0.927812280547167
"MSCCR_reGRID_31_Biopsy_65","CD",FALSE,FALSE,0.641722951996959,0.918450941991643
"MSCCR_reGRID_312_Biopsy_618","CD",FALSE,FALSE,1.50142801701462,0.936290659496966
"MSCCR_reGRID_32_Biopsy_67","CD",FALSE,FALSE,1.62048486331142,0.933480685578634
"MSCCR_reGRID_327_Biopsy_641","CD",FALSE,FALSE,0.637848571850433,0.910054861255673
"MSCCR_reGRID_336_Biopsy_653","CD",FALSE,FALSE,0.40012714236194,0.876959573952537
"MSCCR_reGRID_337_Biopsy_656","CD",FALSE,FALSE,0.728148950949853,0.925954430388744
"MSCCR_reGRID_338_Biopsy_658","CD",FALSE,FALSE,0.758628249662442,0.926035163340648
"MSCCR_reGRID_34_Biopsy_72","CD",FALSE,FALSE,1.13122831811583,0.934605741696969
"MSCCR_reGRID_343_Biopsy_671","CD",FALSE,FALSE,2.16071003157903,0.942494876662388
"MSCCR_reGRID_344_Biopsy_672","CD",FALSE,FALSE,1.24704807266894,0.926510186713818
"MSCCR_reGRID_345_Biopsy_676","CD",FALSE,FALSE,0.790845577834244,0.932382046148074
"MSCCR_reGRID_347_Biopsy_680","Control",FALSE,FALSE,2.47692781882804,0.943570599325141
"MSCCR_reGRID_348_Biopsy_683","CD",FALSE,FALSE,2.52170670194774,0.940339404972128
"MSCCR_reGRID_353_Biopsy_690","CD",FALSE,FALSE,0.863134128525045,0.917120546837886
"MSCCR_reGRID_354_Biopsy_693","CD",FALSE,FALSE,0.813592214641249,0.926939916846647
"MSCCR_reGRID_355_Biopsy_694","CD",FALSE,FALSE,1.29288748335572,0.937344329049067
"MSCCR_reGRID_358_Biopsy_697","CD",FALSE,FALSE,1.43383380166777,0.937197289190403
"MSCCR_reGRID_361_Biopsy_704","CD",FALSE,FALSE,0.453706922684215,0.895797762261144
"MSCCR_reGRID_364_Biopsy_711","CD",FALSE,FALSE,0.620964723013575,0.917194315592201
"MSCCR_reGRID_365_Biopsy_714","CD",FALSE,FALSE,1.65611627716985,0.94100968578206
"MSCCR_reGRID_367_Biopsy_721","CD",FALSE,FALSE,0.987591474215366,0.932210833950847
"MSCCR_reGRID_369_Biopsy_725","CD",FALSE,FALSE,1.19417579455656,0.933128954590462
"MSCCR_reGRID_37_Biopsy_78","CD",FALSE,FALSE,0.740378434265873,0.920059471722043
"MSCCR_reGRID_373_Biopsy_737","CD",FALSE,FALSE,0.678647866330709,0.92275952175638
"MSCCR_reGRID_375_Biopsy_739","CD",FALSE,FALSE,1.75936480633535,0.937414075666318
"MSCCR_reGRID_376_Biopsy_742","CD",FALSE,FALSE,2.18326367343288,0.943032741811733
"MSCCR_reGRID_377_Biopsy_744","CD",FALSE,FALSE,1.15516636454675,0.929796224991886
"MSCCR_reGRID_378_Biopsy_748","CD",FALSE,FALSE,0.809426578544654,0.917694132657691
"MSCCR_reGRID_381_Biopsy_756","CD",FALSE,FALSE,2.00683831275646,0.942095091781263
"MSCCR_reGRID_385_Biopsy_768","CD",FALSE,FALSE,0.439272207983617,0.906066351961691
"MSCCR_reGRID_387_Biopsy_773","CD",FALSE,FALSE,1.02115176312547,0.928874994854743
"MSCCR_reGRID_392_Biopsy_787","CD",FALSE,FALSE,0.799588875735417,0.922879312554639
"MSCCR_reGRID_398_Biopsy_798","CD",FALSE,FALSE,1.08568026507108,0.927626054367792
"MSCCR_reGRID_401_Biopsy_803","CD",FALSE,FALSE,1.41847332808786,0.938585581736446
"MSCCR_reGRID_403_Biopsy_809","CD",FALSE,FALSE,1.78936204819475,0.943040872572591
"MSCCR_reGRID_405_Biopsy_813","CD",FALSE,FALSE,1.21412648906167,0.923753470975726
"MSCCR_reGRID_413_Biopsy_834","CD",FALSE,FALSE,1.26428076567164,0.938427870470282
"MSCCR_reGRID_418_Biopsy_842","CD",FALSE,FALSE,0.495379645630839,0.902880941842312
"MSCCR_reGRID_419_Biopsy_846","CD",FALSE,FALSE,0.887986755094642,0.923778886551012
"MSCCR_reGRID_420_Biopsy_848","CD",FALSE,FALSE,1.27611141167731,0.928661103595147
"MSCCR_reGRID_442_Biopsy_897","CD",FALSE,FALSE,0.520218693940473,0.905709355653981
"MSCCR_reGRID_445_Biopsy_904","CD",FALSE,FALSE,1.19725351345452,0.937087935146955
"MSCCR_reGRID_458_Biopsy_928","CD",FALSE,FALSE,0.724458899398369,0.912984947287974
"MSCCR_reGRID_460_Biopsy_933","CD",FALSE,FALSE,1.28508618191917,0.935476375300346
"MSCCR_reGRID_464_Biopsy_939","CD",FALSE,FALSE,0.801785096163555,0.927958967425225
"MSCCR_reGRID_468_Biopsy_944","CD",FALSE,FALSE,1.08160368740362,0.920550354591361
"MSCCR_reGRID_469_Biopsy_947","CD",FALSE,FALSE,0.648245562178461,0.911427756526508
"MSCCR_reGRID_47_Biopsy_93","CD",FALSE,FALSE,0.925131571815004,0.937165713837121
"MSCCR_reGRID_470_Biopsy_950","CD",FALSE,FALSE,1.18366505573402,0.931805733123683
"MSCCR_reGRID_477_Biopsy_964","Control",FALSE,FALSE,0.41994884619094,0.890319503227078
"MSCCR_reGRID_482_Biopsy_975","CD",FALSE,FALSE,1.23346982004822,0.937632634381513
"MSCCR_reGRID_483_Biopsy_979","CD",FALSE,FALSE,0.482484424940122,0.896600742231913
"MSCCR_reGRID_492_Biopsy_997","CD",FALSE,FALSE,1.18131149373689,0.933822888444155
"MSCCR_reGRID_498_Biopsy_1011","CD",FALSE,FALSE,0.651270643676732,0.908952820273956
"MSCCR_reGRID_507_Biopsy_1026","CD",FALSE,FALSE,1.93888344819598,0.937578294407773
"MSCCR_reGRID_508_Biopsy_1031","Control",FALSE,FALSE,2.11532951167301,0.943570676860396
"MSCCR_reGRID_514_Biopsy_1040","CD",FALSE,FALSE,1.18284364389094,0.930443923032989
"MSCCR_reGRID_516_Biopsy_1043","CD",FALSE,FALSE,1.16181192407479,0.932521851652053
"MSCCR_reGRID_52_Biopsy_102","CD",FALSE,FALSE,1.10872318260653,0.924113676131411
"MSCCR_reGRID_520_Biopsy_1047","Control",FALSE,FALSE,1.3856754295627,0.936795235514405
"MSCCR_reGRID_522_Biopsy_1048","Control",FALSE,FALSE,1.75801514693717,0.9410176688334
"MSCCR_reGRID_523_Biopsy_1050","CD",FALSE,FALSE,0.762364377319747,0.927830415607396
"MSCCR_reGRID_525_Biopsy_1054","Control",FALSE,FALSE,2.1513241651318,0.945584645007805
"MSCCR_reGRID_533_Biopsy_1063","CD",FALSE,FALSE,1.01126618072581,0.92179677932733
"MSCCR_reGRID_538_Biopsy_1069","Control",FALSE,FALSE,2.14803819479327,0.947983378804038
"MSCCR_reGRID_539_Biopsy_1071","CD",FALSE,FALSE,1.02271087574193,0.934060162246732
"MSCCR_reGRID_542_Biopsy_1076","CD",FALSE,FALSE,1.10590836183024,0.925543579682979
"MSCCR_reGRID_545_Biopsy_1080","CD",FALSE,FALSE,1.55703096674607,0.940416301188585
"MSCCR_reGRID_547_Biopsy_1084","CD",FALSE,FALSE,1.62783585864935,0.93479798961101
"MSCCR_reGRID_553_Biopsy_1094","Control",FALSE,FALSE,1.36642349502387,0.937767574895922
"MSCCR_reGRID_559_Biopsy_1100","CD",FALSE,FALSE,0.953763529919244,0.919241376084478
"MSCCR_reGRID_561_Biopsy_1104","CD",FALSE,FALSE,0.686135904198842,0.914144746509936
"MSCCR_reGRID_566_Biopsy_1108","Control",FALSE,FALSE,1.80256740628939,0.944494413832109
"MSCCR_reGRID_57_Biopsy_115","CD",FALSE,FALSE,1.55952081116483,0.935993971122288
"MSCCR_reGRID_570_Biopsy_1114","Control",FALSE,FALSE,1.39071498786827,0.937774825721382
"MSCCR_reGRID_573_Biopsy_1116","CD",FALSE,FALSE,0.997848191903699,0.930043832064512
"MSCCR_reGRID_576_Biopsy_1124","CD",FALSE,FALSE,0.924479559864604,0.921421187056391
"MSCCR_reGRID_577_Biopsy_1125","CD",FALSE,FALSE,0.443644851866737,0.918682722085235
"MSCCR_reGRID_578_Biopsy_1127","CD",FALSE,FALSE,0.947737754317252,0.927201171670689
"MSCCR_reGRID_58_Biopsy_117","CD",FALSE,FALSE,2.8631222532565,0.940111747731042
"MSCCR_reGRID_580_Biopsy_1131","CD",FALSE,FALSE,1.34908767977497,0.931524382142094
"MSCCR_reGRID_583_Biopsy_1136","CD",FALSE,FALSE,2.46182115956114,0.942702362375985
"MSCCR_reGRID_589_Biopsy_1150","CD",FALSE,FALSE,0.485603728904297,0.908848853968916
"MSCCR_reGRID_59_Biopsy_120","CD",FALSE,FALSE,1.12708164404637,0.933180014572147
"MSCCR_reGRID_590_Biopsy_1151","CD",FALSE,FALSE,0.980863797405598,0.93406273110505
"MSCCR_reGRID_592_Biopsy_1155","Control",FALSE,FALSE,1.3357449917028,0.939817011228249
"MSCCR_reGRID_594_Biopsy_1159","Control",FALSE,FALSE,1.46509196473217,0.942949575405283
"MSCCR_reGRID_600_Biopsy_1166","Control",FALSE,FALSE,0.535151748497982,0.907041914212265
"MSCCR_reGRID_601_Biopsy_1168","CD",FALSE,TRUE,0.190769938020724,0.788364045853412
"MSCCR_reGRID_604_Biopsy_1174","CD",FALSE,FALSE,2.2132399950885,0.943700091480169
"MSCCR_reGRID_606_Biopsy_1180","Control",FALSE,FALSE,1.24928755790661,0.932510330372818
"MSCCR_reGRID_607_Biopsy_1182","CD",FALSE,FALSE,0.619192568390607,0.908752034909964
"MSCCR_reGRID_611_Biopsy_1189","CD",FALSE,FALSE,0.609082620859906,0.904205213253738
"MSCCR_reGRID_618_Biopsy_1202","Control",FALSE,FALSE,1.360293047751,0.932641093126048
"MSCCR_reGRID_619_Biopsy_1204","Control",FALSE,FALSE,0.772259375916154,0.924969070610961
"MSCCR_reGRID_625_Biopsy_1214","CD",FALSE,FALSE,0.545991178645399,0.927330291452411
"MSCCR_reGRID_628_Biopsy_1218","Control",FALSE,TRUE,0.396770907825947,0.885118871460869
"MSCCR_reGRID_629_Biopsy_1221","CD",FALSE,FALSE,0.661037858749843,0.925683478774119
"MSCCR_reGRID_631_Biopsy_1223","CD",FALSE,FALSE,0.79732661848899,0.916890927670439
"MSCCR_reGRID_632_Biopsy_1224","Control",FALSE,FALSE,1.45204596345604,0.939194916409904
"MSCCR_reGRID_635_Biopsy_1230","CD",FALSE,FALSE,1.21063513558629,0.935317832400564
"MSCCR_reGRID_638_Biopsy_1236","CD",FALSE,FALSE,0.451398323388392,0.902479838975604
"MSCCR_reGRID_641_Biopsy_1238","CD",FALSE,FALSE,0.928823238575273,0.93188386334886
"MSCCR_reGRID_644_Biopsy_1241","Control",FALSE,FALSE,0.74258126415789,0.929590348440082
"MSCCR_reGRID_645_Biopsy_1244","Control",FALSE,FALSE,1.34417593945746,0.944592271675603
"MSCCR_reGRID_650_Biopsy_1253","CD",FALSE,FALSE,0.52385645456369,0.90640225608208
"MSCCR_reGRID_651_Biopsy_1256","Control",FALSE,FALSE,1.41637881725454,0.940862317714098
"MSCCR_reGRID_654_Biopsy_1261","CD",FALSE,FALSE,1.05951046022581,0.93544189723134
"MSCCR_reGRID_657_Biopsy_1267","CD",FALSE,FALSE,1.79623202354516,0.936624504819721
"MSCCR_reGRID_658_Biopsy_1270","CD",FALSE,FALSE,1.87088773372501,0.937444855933479
"MSCCR_reGRID_660_Biopsy_1273","CD",FALSE,FALSE,1.13630613682406,0.929845553472833
"MSCCR_reGRID_661_Biopsy_1276","Control",FALSE,FALSE,1.43449101807513,0.941053049651496
"MSCCR_reGRID_671_Biopsy_1292","CD",FALSE,FALSE,1.48007115745147,0.938531691481599
"MSCCR_reGRID_675_Biopsy_1299","Control",FALSE,FALSE,1.26326166735321,0.936443522541352
"MSCCR_reGRID_678_Biopsy_1305","CD",FALSE,FALSE,0.816924317726761,0.93378454070398
"MSCCR_reGRID_68_Biopsy_131","CD",FALSE,FALSE,0.866473661607083,0.929048274672068
"MSCCR_reGRID_681_Biopsy_1309","CD",FALSE,FALSE,0.877077702874671,0.928288138188965
"MSCCR_reGRID_682_Biopsy_1311","CD",FALSE,FALSE,1.92114325000142,0.940014887998724
"MSCCR_reGRID_686_Biopsy_1315","CD",FALSE,FALSE,0.724761022056798,0.921169499247073
"MSCCR_reGRID_688_Biopsy_1317","Control",FALSE,FALSE,1.49985889013395,0.934863671181092
"MSCCR_reGRID_69_Biopsy_134","CD",FALSE,FALSE,1.62190594671101,0.941653196297328
"MSCCR_reGRID_691_Biopsy_1322","CD",FALSE,FALSE,0.732422170411388,0.923886793465254
"MSCCR_reGRID_702_Biopsy_1342","CD",FALSE,FALSE,0.807203882279944,0.919977911773805
"MSCCR_reGRID_706_Biopsy_1348","CD",FALSE,FALSE,1.27178395185458,0.933919485983458
"MSCCR_reGRID_709_Biopsy_1355","CD",FALSE,FALSE,1.13028936545067,0.932783620625551
"MSCCR_reGRID_710_Biopsy_1357","Control",FALSE,FALSE,0.515504034181851,0.895357772093793
"MSCCR_reGRID_712_Biopsy_1362","CD",FALSE,FALSE,0.805715276455772,0.9162819816013
"MSCCR_reGRID_718_Biopsy_1371","Control",FALSE,TRUE,0.375219319769244,0.881058733039651
"MSCCR_reGRID_719_Biopsy_1373","Control",FALSE,FALSE,2.04958551344036,0.940705186257318
"MSCCR_reGRID_72_Biopsy_141","CD",FALSE,FALSE,0.601580822414475,0.918780143607714
"MSCCR_reGRID_720_Biopsy_1376","Control",FALSE,FALSE,2.60457284282463,0.950543376435717
"MSCCR_reGRID_721_Biopsy_1377","Control",FALSE,FALSE,0.939937727858382,0.934576841149818
"MSCCR_reGRID_722_Biopsy_1379","CD",FALSE,FALSE,2.06363808847464,0.943496079664195
"MSCCR_reGRID_725_Biopsy_1385","CD",FALSE,FALSE,1.17076823835599,0.929423740176602
"MSCCR_reGRID_728_Biopsy_1391","CD",FALSE,FALSE,1.29981884973959,0.937048870374885
"MSCCR_reGRID_73_Biopsy_145","CD",FALSE,FALSE,1.2851154959095,0.92854531081281
"MSCCR_reGRID_731_Biopsy_1395","CD",FALSE,FALSE,1.66575896511881,0.941056863433987
"MSCCR_reGRID_734_Biopsy_1401","Control",FALSE,FALSE,1.4076370296115,0.940492700954439
"MSCCR_reGRID_739_Biopsy_1409","CD",FALSE,FALSE,1.30410210063752,0.941980190738808
"MSCCR_reGRID_741_Biopsy_1411","Control",FALSE,FALSE,2.29265142206099,0.947139248009322
"MSCCR_reGRID_742_Biopsy_1413","CD",FALSE,FALSE,0.979461936642515,0.924504680844259
"MSCCR_reGRID_751_Biopsy_1422","CD",FALSE,FALSE,1.02323119426563,0.930030399160935
"MSCCR_reGRID_755_Biopsy_1425","Control",FALSE,FALSE,1.53914349997369,0.939321911321195
"MSCCR_reGRID_760_Biopsy_1429","CD",FALSE,FALSE,1.35565672982925,0.936648674157862
"MSCCR_reGRID_761_Biopsy_1431","CD",FALSE,FALSE,0.636749878237002,0.916703234004292
"MSCCR_reGRID_765_Biopsy_1440","CD",FALSE,FALSE,0.500438784065735,0.902259258867162
"MSCCR_reGRID_766_Biopsy_1442","CD",FALSE,FALSE,1.02614922269463,0.931355563456672
"MSCCR_reGRID_767_Biopsy_1444","CD",FALSE,FALSE,2.3984400899438,0.94300303937536
"MSCCR_reGRID_771_Biopsy_1449","CD",FALSE,FALSE,1.06794489961396,0.937081272861062
"MSCCR_reGRID_78_Biopsy_151","CD",FALSE,FALSE,1.63206634718566,0.935685973237228
"MSCCR_reGRID_780_Biopsy_1458","CD",FALSE,FALSE,1.90984916590061,0.936646965029957
"MSCCR_reGRID_781_Biopsy_1460","CD",TRUE,FALSE,0.341923151092842,0.894828421861145
"MSCCR_reGRID_782_Biopsy_1463","CD",FALSE,FALSE,2.18666487534564,0.941017838795101
"MSCCR_reGRID_783_Biopsy_1464","Control",FALSE,FALSE,1.30615933430758,0.938366696723666
"MSCCR_reGRID_785_Biopsy_1468","Control",FALSE,FALSE,1.15701822038517,0.930861601489972
"MSCCR_reGRID_789_Biopsy_1473","CD",FALSE,FALSE,1.54924773094939,0.938460523561816
"MSCCR_reGRID_79_Biopsy_153","CD",FALSE,FALSE,0.465536431914241,0.895583398612605
"MSCCR_reGRID_790_Biopsy_1474","CD",FALSE,FALSE,0.780432667405791,0.930891606394996
"MSCCR_reGRID_796_Biopsy_1481","Control",FALSE,FALSE,0.673726121832877,0.921915117640404
"MSCCR_reGRID_797_Biopsy_1484","CD",FALSE,FALSE,1.96388652374473,0.942703617749474
"MSCCR_reGRID_798_Biopsy_1485","CD",FALSE,FALSE,0.867680050056181,0.932536062392592
"MSCCR_reGRID_800_Biopsy_1487","CD",FALSE,FALSE,1.12247688862304,0.932041454488559
"MSCCR_reGRID_803_Biopsy_1491","Control",FALSE,FALSE,1.77174514308099,0.945546939314443
"MSCCR_reGRID_805_Biopsy_1495","Control",FALSE,FALSE,2.49237507168794,0.944788419535389
"MSCCR_reGRID_807_Biopsy_1499","Control",FALSE,FALSE,0.977519871180692,0.934802372617362
"MSCCR_reGRID_813_Biopsy_1509","CD",FALSE,FALSE,0.727406675000424,0.929372179932265
"MSCCR_reGRID_815_Biopsy_1511","CD",FALSE,FALSE,2.73487244605401,0.943756564385933
"MSCCR_reGRID_817_Biopsy_1513","Control",FALSE,FALSE,0.850168397995474,0.929087674714799
"MSCCR_reGRID_818_Biopsy_1515","CD",FALSE,FALSE,0.842348581476599,0.923529364953456
"MSCCR_reGRID_819_Biopsy_1517","Control",FALSE,FALSE,2.23725735033245,0.949461192984609
"MSCCR_reGRID_820_Biopsy_1518","Control",FALSE,FALSE,1.74347047701479,0.946193691437746
"MSCCR_reGRID_823_Biopsy_1524","Control",FALSE,FALSE,1.97448636382065,0.948599735683778
"MSCCR_reGRID_824_Biopsy_1527","Control",FALSE,FALSE,1.7232857358809,0.943010014719232
"MSCCR_reGRID_825_Biopsy_1528","CD",FALSE,FALSE,0.378523495106858,0.887700914769204
"MSCCR_reGRID_84_Biopsy_162","CD",FALSE,FALSE,1.13862613421114,0.929942395848303
"MSCCR_reGRID_841_Biopsy_1545","CD",FALSE,FALSE,0.886558860615548,0.928335442452782
"MSCCR_reGRID_845_Biopsy_1548","Control",FALSE,FALSE,1.10206762727005,0.9359093280099
"MSCCR_reGRID_849_Biopsy_1555","CD",FALSE,FALSE,1.44575151161087,0.929349160359397
"MSCCR_reGRID_85_Biopsy_164","CD",FALSE,FALSE,0.453238053985014,0.911042181160582
"MSCCR_reGRID_851_Biopsy_1559","CD",FALSE,FALSE,0.890711529691257,0.927682701700712
"MSCCR_reGRID_852_Biopsy_1562","Control",FALSE,FALSE,1.58805773004778,0.94101183071022
"MSCCR_reGRID_854_Biopsy_1565","Control",FALSE,FALSE,0.908993572768383,0.930975100792493
"MSCCR_reGRID_856_Biopsy_1570","CD",FALSE,FALSE,0.862734201436666,0.933101461270463
"MSCCR_reGRID_858_Biopsy_1572","Control",FALSE,FALSE,2.03762021952818,0.945590433933777
"MSCCR_reGRID_86_Biopsy_167","CD",FALSE,FALSE,1.43103493941814,0.936602963634463
"MSCCR_reGRID_860_Biopsy_1577","CD",FALSE,FALSE,1.37488450714321,0.939758634186535
"MSCCR_reGRID_867_Biopsy_1580","CD",FALSE,FALSE,1.28140642384005,0.936250344404522
"MSCCR_reGRID_868_Biopsy_1581","CD",FALSE,FALSE,1.11408134970253,0.933418830690754
"MSCCR_reGRID_872_Biopsy_1589","Control",FALSE,FALSE,0.992150250161912,0.934199766486894
"MSCCR_reGRID_875_Biopsy_1594","CD",FALSE,FALSE,1.35814053090424,0.932751040642754
"MSCCR_reGRID_876_Biopsy_1595","Control",FALSE,FALSE,0.872200329756574,0.925340900289538
"MSCCR_reGRID_879_Biopsy_1597","CD",FALSE,FALSE,0.507180985955556,0.902565275752031
"MSCCR_reGRID_88_Biopsy_172","CD",FALSE,FALSE,1.3393127936663,0.932733231992
"MSCCR_reGRID_886_Biopsy_1601","CD",FALSE,FALSE,0.779211014871492,0.927776301042261
"MSCCR_reGRID_889_Biopsy_1608","Control",FALSE,FALSE,0.959316225677566,0.936537881522113
"MSCCR_reGRID_890_Biopsy_1609","CD",FALSE,FALSE,0.696279784414695,0.916739559557643
"MSCCR_reGRID_891_Biopsy_1612","CD",FALSE,FALSE,1.517030052648,0.930769680484183
"MSCCR_reGRID_892_Biopsy_1614","Control",FALSE,FALSE,0.441933889365095,0.8912699054924
"MSCCR_reGRID_895_Biopsy_1616","Control",FALSE,FALSE,1.72556036192515,0.945475949124905
"MSCCR_reGRID_897_Biopsy_1620","CD",FALSE,FALSE,0.708924520225071,0.922703840302131
"MSCCR_reGRID_898_Biopsy_1623","CD",FALSE,FALSE,1.95653666664095,0.940164765790594
"MSCCR_reGRID_899_Biopsy_1624","Control",FALSE,FALSE,0.487906373532718,0.911189509761545
"MSCCR_reGRID_9_Biopsy_17","CD",FALSE,FALSE,1.01232008517999,0.936109866899813
"MSCCR_reGRID_901_Biopsy_1626","CD",FALSE,FALSE,1.34389550732375,0.933058301086186
"MSCCR_reGRID_902_Biopsy_1628","CD",FALSE,FALSE,0.787131753410267,0.922243224664083
"MSCCR_reGRID_904_Biopsy_1633","Control",FALSE,FALSE,1.25259570012041,0.935657889910249
"MSCCR_reGRID_907_Biopsy_1638","Control",FALSE,FALSE,2.03532190422971,0.946283670510121
"MSCCR_reGRID_909_Biopsy_1643","CD",TRUE,TRUE,0.27461506231318,0.85363624590757
"MSCCR_reGRID_914_Biopsy_1648","CD",FALSE,FALSE,1.90731606891026,0.944950056206806
"MSCCR_reGRID_926_Biopsy_1656","Control",FALSE,FALSE,0.77502802508458,0.933770558501721
"MSCCR_reGRID_93_Biopsy_184","CD",FALSE,FALSE,1.70963399937424,0.940534946461928
"MSCCR_reGRID_931_Biopsy_1661","Control",FALSE,FALSE,0.853102265299147,0.92120296256162
"MSCCR_reGRID_932_Biopsy_1662","CD",FALSE,FALSE,0.595617312262401,0.926845380979381
"MSCCR_reGRID_933_Biopsy_1665","CD",FALSE,FALSE,0.592972356656177,0.916270768597736
"MSCCR_reGRID_934_Biopsy_1666","Control",FALSE,FALSE,1.73147412730991,0.944891321630363
"MSCCR_reGRID_937_Biopsy_1670","CD",FALSE,FALSE,1.33603758281535,0.936602074689939
"MSCCR_reGRID_939_Biopsy_1672","CD",FALSE,FALSE,0.923661176392086,0.927006463333169
"MSCCR_reGRID_941_Biopsy_1675","CD",FALSE,FALSE,1.05563097897122,0.930666337912116
"MSCCR_reGRID_943_Biopsy_1680","Control",FALSE,FALSE,1.14935445761597,0.929240313965943
"MSCCR_reGRID_944_Biopsy_1681","Control",FALSE,FALSE,1.89158000602779,0.94658061287631
"MSCCR_reGRID_945_Biopsy_1683","Control",FALSE,FALSE,1.10773468143316,0.936549857654634
"MSCCR_reGRID_948_Biopsy_1689","Control",FALSE,FALSE,1.97833207423756,0.94592282076603
"MSCCR_reGRID_950_Biopsy_1693","Control",FALSE,FALSE,0.671249379791117,0.928810368696002
"MSCCR_reGRID_956_Biopsy_1698","CD",FALSE,FALSE,0.606060732344388,0.924377490299454
"MSCCR_reGRID_96_Biopsy_191","CD",FALSE,FALSE,1.88359386416242,0.940051531496709
"MSCCR_reGRID_961_Biopsy_1703","Control",FALSE,FALSE,0.856573554127019,0.937433432423419
"MSCCR_reGRID_963_Biopsy_1706","CD",FALSE,FALSE,0.79339752055193,0.932110085211412
"MSCCR_reGRID_964_Biopsy_1708","CD",FALSE,FALSE,0.77173977347554,0.920530494240383
"MSCCR_reGRID_966_Biopsy_1711","CD",FALSE,FALSE,1.13001243549347,0.930248884463677
"MSCCR_reGRID_98_Biopsy_196","CD",FALSE,FALSE,1.61771311264426,0.939554124780887
"MSCCR_reGRID_983_Biopsy_1718","Control",FALSE,FALSE,0.505716082392061,0.928217083055143
"MSCCR_reGRID_988_Biopsy_1721","CD",FALSE,FALSE,0.753542380928674,0.930715589371939
"MSCCR_reGRID_991_Biopsy_1724","CD",FALSE,FALSE,0.512410987190682,0.908119502449675
"MSCCR_reGRID_999_Biopsy_1730","Control",FALSE,FALSE,0.852210096358362,0.932038187175838
