"ID","Description","setSize","enrichmentScore","NES","pvalue","p.adjust","qvalue","rank","leading_edge","core_enrichment","log2err"
"GO:0098869","cellular oxidant detoxification",28,0.692660201071513,2.3318702172174,1.13441379835406e-06,0.000276481851854404,0.000270372149731527,817,"tags=61%, list=19%, signal=50%","10549/3043/3039/847/1192/241/4259/7001/3040/373156/9446/7295/2950/5052/25824/10935/11315",0.643551836150722
"GO:0000070","mitotic sister chromatid segregation",120,-0.514375655494697,-2.3301501190361,1.80310320805909e-10,2.63673792458508e-07,2.57847123117552e-07,642,"tags=33%, list=15%, signal=29%","51510/11004/10592/55143/57405/26271/56992/3796/55055/5501/26073/79003/10615/81620/64151/387893/8467/54908/440145/29127/10403/9319/9055/891/3832/9212/10274/332/5885/11065/51203/991/9918/54892/1062/22974/10051/699/1843/1063",0.826657301178302
"GO:0031640","killing of cells of another organism",17,0.76479820277863,2.28264628421456,2.76991771140475e-06,0.000456683467377934,0.000446591665939946,106,"tags=47%, list=2%, signal=46%","10578/2999/3002/3958/6375/4818/2633/3001",0.627256739718528
"GO:0141061","disruption of cell in another organism",17,0.76479820277863,2.28264628421456,2.76991771140475e-06,0.000456683467377934,0.000446591665939946,106,"tags=47%, list=2%, signal=46%","10578/2999/3002/3958/6375/4818/2633/3001",0.627256739718528
"GO:0141060","disruption of anatomical structure in another organism",20,0.73263283089385,2.25788837465035,7.44847096348607e-06,0.00103979775297684,0.00101682027906267,106,"tags=40%, list=2%, signal=39%","10578/2999/3002/3958/6375/4818/2633/3001",0.610526878385931
"GO:0032570","response to progesterone",11,-0.812962506760153,-2.12687473534785,6.39986237559043e-05,0.006103520922112,0.00596864518077586,94,"tags=27%, list=2%, signal=27%","2353/2354/10628",0.538434096309916
"GO:0042744","hydrogen peroxide catabolic process",12,0.792388703453702,2.06639877104746,2.54875161457137e-05,0.00279534333328115,0.00273357177401616,718,"tags=75%, list=17%, signal=63%","10549/3043/3039/847/7001/3040/5052/25824/10935",0.575610261071129
"GO:2000317","negative regulation of T-helper 17 type immune response",6,0.934692579184887,2.0323807534739,2.29103226338697e-05,0.0025771175742253,0.00252016837264646,67,"tags=50%, list=2%, signal=49%","3956/149041/9466",0.575610261071129
"GO:0045623","negative regulation of T-helper cell differentiation",6,0.926546841589071,2.01466879054485,4.20655327272632e-05,0.00429166260638381,0.00419682535048065,99,"tags=50%, list=2%, signal=49%","3956/149041/301",0.557332238758646
"GO:0071357","cellular response to type I interferon",67,0.482087244205095,1.9793622440295,4.42424883605162e-05,0.00441117719176328,0.00431369889988937,1511,"tags=63%, list=35%, signal=41%","10410/10581/25939/5689/6772/5721/5719/5688/3654/5684/5707/5710/5683/5691/5704/64343/5709/9641/5720/5701/10213/84166/5685/8519/3093/4940/3661/5714/5687/11047/11140/5777/25942/29110/5690/5700/9861/9636/5686/5702/5692/5694",0.557332238758646
"GO:0001510","RNA methylation",24,0.583470131340331,1.86642425004697,0.000847263865485475,0.0464522359510372,0.0454257334059375,1545,"tags=71%, list=36%, signal=46%","4809/158234/25917/6632/117246/84967/29081/10528/113802/6635/6628/51602/207/6637/6636/24140/3028",0.477270815362862
"GO:0021987","cerebral cortex development",26,-0.558979684678898,-1.85601752773589,0.0017755891602855,0.076367741629142,0.074680165572987,730,"tags=38%, list=17%, signal=32%","57142/10592/54820/55122/10460/25777/2353/89839/54892/10051",0.45505986738723
"GO:0002263","cell activation involved in immune response",114,0.416190674347868,1.83965989961404,1.18076776523121e-05,0.00143889671835258,0.00140709994660878,363,"tags=25%, list=8%, signal=24%","3956/7305/3689/2207/149041/3958/51744/8807/5689/4818/959/5699/301/201294/3394/5130/1235/6813/11151/7462/6504/6810/5688/27040/9111/3594/5684/5293/975",0.593325476396405
"GO:0051438","regulation of ubiquitin-protein transferase activity",8,-0.795870971751595,-1.83035325993307,0.00153888973948442,0.0691879150615396,0.0676589989728571,503,"tags=75%, list=12%, signal=66%","26271/27338/1029/11065/991/6187",0.45505986738723
"GO:0008286","insulin receptor signaling pathway",33,-0.510891651901545,-1.77985746454119,0.00220539827258362,0.0891445852450276,0.0871746662139538,963,"tags=55%, list=22%, signal=43%","5781/5770/8473/5594/64710/27131/2885/5894/5295/114882/55023/5579/79109/208/5140/26060/51763/8651",0.431707695803346
"GO:0160165","CD8-positive, alpha-beta T cell homeostasis",14,0.634180115440312,1.77895142116861,0.00630573347428867,0.157070094924583,0.153599156467087,1494,"tags=93%, list=35%, signal=61%","5689/5699/5688/5684/5683/5691/5685/5687/5698/5696/5690/5686/5692",0.407017918923954
"GO:0030593","neutrophil chemotaxis",22,0.556501873536178,1.73901125788155,0.0047561888473877,0.138802305606944,0.135735049164833,362,"tags=32%, list=8%, signal=29%","3689/51192/3958/6375/5142/1803/5293",0.407017918923954
"GO:0044793","host-mediated suppression of viral proces",9,-0.701108951508894,-1.73880722912043,0.00833515559512181,0.177506444639803,0.173583903270935,289,"tags=33%, list=7%, signal=31%","6351/3725/51763",0.380730400722792
"GO:0070229","negative regulation of lymphocyte apoptotic process",10,-0.677255801430603,-1.70566844045108,0.0127820126712972,0.219900743486199,0.215041371956789,135,"tags=20%, list=3%, signal=19%","9212/1831",0.380730400722792
"GO:0044331","cell-cell adhesion mediated by cadherin",5,0.821038913145123,1.6914410517369,0.00480919773244938,0.138802305606944,0.135735049164833,660,"tags=80%, list=15%, signal=68%","8728/10459/10211/1499",0.407017918923954
"GO:0034502","protein localization to chromosome",49,-0.436933689246211,-1.6855696976398,0.00454008979274672,0.138802305606944,0.135735049164833,1397,"tags=57%, list=32%, signal=39%","7415/7272/546/84250/51535/26512/11073/23613/23468/6046/55632/253714/84515/983/5347/8019/83695/10664/142/1200/55055/55166/80124/54908/55719/9212/5885/54386",0.407017918923954
"GO:1902514","regulation of calcium ion transmembrane transport via high voltage-gated calcium channel",4,0.882536573670556,1.66463830258818,0.00506906020088333,0.13898729438297,0.135915950054765,410,"tags=75%, list=9%, signal=68%","5142/274/5144",0.407017918923954
"GO:0032693","negative regulation of interleukin-10 production",3,0.970507080471216,1.65666498225456,0.000421130921982238,0.0276622469576985,0.0270509660080542,123,"tags=67%, list=3%, signal=65%","7305/28951",0.49849310876659
"GO:0070252","actin-mediated cell contraction",17,0.548031570636721,1.63567621341321,0.0133179568199382,0.225470959551491,0.220488497263354,755,"tags=47%, list=17%, signal=39%","7798/5142/488/274/4637/5144/7168/440193",0.380730400722792
"GO:0010288","response to lead ion",8,0.671563946397136,1.59442344839855,0.0250810183655772,0.302562587266696,0.295876552471544,589,"tags=50%, list=14%, signal=43%","1788/847/5499/8678",0.352487857583619
"GO:0001776","leukocyte homeostasis",45,0.414534884177518,1.57532097740791,0.0154851638950053,0.242038022088793,0.236689460483558,553,"tags=33%, list=13%, signal=29%","10673/8740/5689/5699/301/4050/27240/5142/5688/3561/5684/5293/10572/5683/5691",0.380730400722792
"GO:0140627","ubiquitin-dependent protein catabolic process via the C-end degron rule pathway",5,0.762431316936794,1.57070220174665,0.0161883103373983,0.246714704688787,0.241262797647251,996,"tags=80%, list=23%, signal=62%","55527/9978/26133/8453",0.352487857583619
"GO:0031503","protein-containing complex localization",24,-0.484741984612159,-1.5520679033121,0.0162600634461211,0.246714704688787,0.241262797647251,1051,"tags=54%, list=24%, signal=41%","55737/102/8473/55705/11004/5604/55122/84823/7430/4001/5108/440145/332",0.352487857583619
"GO:0051100","negative regulation of binding",18,-0.518826013967653,-1.55063001972717,0.0537190082644628,0.463908049716926,0.453656599297432,756,"tags=44%, list=17%, signal=37%","51773/3428/6093/2962/1869/1663/6790/3725",0.282013350011725
"GO:0019884","antigen processing and presentation of exogenous antigen",19,-0.495119736719299,-1.50619610592962,0.0445965814454642,0.414502548307736,0.405342861759241,477,"tags=37%, list=11%, signal=33%","3551/3106/3115/3113/3108/3134/3122",0.321775918075361
"GO:0070293","renal absorption",2,0.969432079804053,1.4965572134961,0.00622127628998943,0.157070094924583,0.153599156467087,24,"tags=50%, list=1%, signal=50%","3043",0.407017918923954
"GO:0046149","pigment catabolic process",2,0.969232427290854,1.49624900066197,0.00631078952347113,0.157070094924583,0.153599156467087,119,"tags=50%, list=3%, signal=49%","3163",0.407017918923954
"GO:0180046","GPI anchored protein biosynthesis",10,0.591412672942782,1.48837852738093,0.0743639921722113,0.505509187169106,0.494338433887233,494,"tags=40%, list=11%, signal=36%","51604/51227/8818/8813",0.231126709673834
"GO:0140888","interferon-mediated signaling pathway",43,0.400124272372913,1.48361072165285,0.0283680884426197,0.31991607351596,0.312846560995,1261,"tags=47%, list=29%, signal=33%","10410/10581/25939/6772/3588/3654/64343/3659/9641/83666/84166/8519/3093/4940/3661/11140/5777/3458/25942/29110",0.352487857583619
"GO:0046597","host-mediated suppression of symbiont invasion",8,0.615693158838944,1.4617753301647,0.0865384615384615,0.524780195211146,0.513183590764162,133,"tags=38%, list=3%, signal=36%","10410/10581/4061",0.211400189384923
"GO:0048168","regulation of neuronal synaptic plasticity",8,0.610642368242193,1.44978377075534,0.0903846153846154,0.529305306056787,0.517608705609507,714,"tags=50%, list=17%, signal=42%","5868/8766/1201/22930",0.206587922696891
"GO:0050918","positive chemotaxis",10,0.573778648992559,1.44399986625378,0.0880626223091976,0.52490587509572,0.513306493371846,193,"tags=30%, list=4%, signal=29%","6275/3958/11151",0.211400189384923
"GO:0007548","sex differentiation",22,-0.463049318395821,-1.44319887980991,0.0652173913043478,0.494815128123788,0.483880692396985,963,"tags=50%, list=22%, signal=39%","5781/4678/25836/7812/2625/91603/867/836/57122/5879/10370",0.261663521711573
"GO:0141198","protein branched polyubiquitination",12,0.551306318734183,1.43770184322116,0.0944123314065511,0.535555148629677,0.523720439021961,1487,"tags=67%, list=34%, signal=44%","246184/83737/10393/51433/29945/10075/25847/119504",0.20207170902116
"GO:0046034","ATP metabolic process",98,0.326678016810329,1.43399453648485,0.0191160306867498,0.266825713945999,0.260929393373781,846,"tags=30%, list=20%, signal=24%","55967/4714/4715/4718/226/2023/7167/4711/3939/5315/4724/4706/572/5562/29789/5663/3091/7114/4716/2033/4709/4704/2597/4700/4708/5236/4694/4723/3098",0.352487857583619
"GO:0097242","amyloid-beta clearance",12,0.5442477160315,1.41929435219238,0.10019267822736,0.543480954009148,0.531471099777553,506,"tags=33%, list=12%, signal=30%","7305/3689/5868/8766",0.195789002148949
"GO:0044406","adhesion of symbiont to host",2,0.915991668595233,1.41405877492275,0.0421436435684657,0.395897568168863,0.387149014886035,365,"tags=100%, list=8%, signal=92%","1803/3326",0.321775918075361
"GO:0035019","somatic stem cell population maintenance",3,-0.810903128212978,-1.40658019537724,0.0910931174089069,0.529305306056787,0.517608705609507,3,"tags=33%, list=0%, signal=33%","678",0.211400189384923
"GO:0140588","chromatin looping",11,-0.527276929495185,-1.37946334615645,0.116370808678501,0.574908488370027,0.562204147783853,1571,"tags=82%, list=36%, signal=52%","23137/54780/79677/84250/6046/25836/10664/5094/55719",0.183023938384487
"GO:0010224","response to UV-B",4,0.719147950914564,1.35645508643482,0.118,0.57582424916574,0.563099672077097,1217,"tags=100%, list=28%, signal=72%","5970/1396/4436/1026",0.183023938384487
"GO:0032099","negative regulation of appetite",2,-0.888092824416148,-1.34768829851055,0.0849420849420849,0.524780195211146,0.513183590764162,39,"tags=50%, list=1%, signal=50%","29937",0.213927855492356
"GO:0016242","negative regulation of macroautophagy",9,0.546787294391992,1.34135504223191,0.137596899224806,0.606004189448857,0.592612695367365,1608,"tags=67%, list=37%, signal=42%","57602/27429/9978/207/10434/54832",0.165656695205483
"GO:0007631","feeding behavior",5,-0.666320128386279,-1.33849172135709,0.129817444219067,0.596085493680714,0.582913183159317,701,"tags=60%, list=16%, signal=50%","6774/29909/2353",0.175204047558551
"GO:0170062","nutrient storage",15,-0.445520720282026,-1.32415929158283,0.154598825831703,0.620134103358164,0.60643036612426,235,"tags=20%, list=5%, signal=19%","6713/10226/4792",0.156312403073186
"GO:0032375","negative regulation of cholesterol transport",1,-0.998843128181398,-1.32304786378709,0.00289734557237615,0.105711462289292,0.103375448040149,7,"tags=100%, list=0%, signal=100%","4792",0.431707695803346
"GO:0034369","plasma lipoprotein particle remodeling",1,0.99976862563628,1.32248520710059,0.00116232162419946,0.0572933142175621,0.0560272452833666,2,"tags=100%, list=0%, signal=100%","5045",0.45505986738723
"GO:1903580","positive regulation of ATP metabolic process",11,0.511395620895772,1.31683131926463,0.145454545454545,0.618322762508809,0.604659052325355,619,"tags=55%, list=14%, signal=47%","4718/2023/5562/5663/3091/7114",0.16440575583821
"GO:0140718","facultative heterochromatin formation",10,-0.515668542644116,-1.29871099968953,0.164969450101833,0.628719504066125,0.614826046456076,425,"tags=30%, list=10%, signal=27%","8726/8467/2146",0.154190966581424
"GO:0140966","piRNA-mediated heterochromatin formation",1,0.98172142526608,1.2986125280555,0.0271895079960357,0.313895714680549,0.30695924018328,80,"tags=100%, list=2%, signal=98%","1788",0.352487857583619
"GO:0141176","gene silencing by piRNA-directed DNA methylation",1,0.98172142526608,1.2986125280555,0.0271895079960357,0.313895714680549,0.30695924018328,80,"tags=100%, list=2%, signal=98%","1788",0.352487857583619
"GO:0141196","transposable element silencing by piRNA-mediated DNA methylation",1,0.98172142526608,1.2986125280555,0.0271895079960357,0.313895714680549,0.30695924018328,80,"tags=100%, list=2%, signal=98%","1788",0.352487857583619
"GO:0170044","non-proteinogenic amino acid catabolic process",1,0.96298010180472,1.27382166904713,0.0803059273422562,0.518091328309526,0.506642534592376,161,"tags=100%, list=4%, signal=96%","2806",0.219250346703755
"GO:1990961","xenobiotic detoxification by transmembrane export across the plasma membrane",3,-0.729501121709082,-1.26538151673276,0.210526315789474,0.681608079238687,0.666545888716006,101,"tags=33%, list=2%, signal=33%","10928",0.134273452883202
"GO:0050996","positive regulation of lipid catabolic process",1,-0.931975937066173,-1.23447690417753,0.125260960334029,0.590173298223792,0.577131635529338,296,"tags=100%, list=7%, signal=93%","208",0.181383128498408
"GO:0160049","negative regulation of cGAS/STING signaling pathway",8,-0.518659304824622,-1.19281866417496,0.259336099585062,0.728715861084115,0.712612681748553,500,"tags=38%, list=12%, signal=33%","142/5094/9212",0.120985142145252
"GO:0141005","transposable element silencing by heterochromatin formation",3,0.697456242081365,1.19056455760224,0.253937007874016,0.722452434204479,0.706487664215666,80,"tags=33%, list=2%, signal=33%","1788",0.118815039412263
"GO:0141193","nuclear receptor-mediated signaling pathway",58,-0.298768246180334,-1.18468016117119,0.175298804780877,0.64246938727962,0.628272084443943,1006,"tags=29%, list=23%, signal=23%","79039/10521/7110/27086/10273/6294/9667/6597/51755/142/55252/23019/2171/2908/7533/2146/10370",0.147331213699377
"GO:0098868","bone growth",2,-0.764637815320528,-1.1603442883165,0.287644787644788,0.747024701914926,0.730516933406725,1020,"tags=100%, list=24%, signal=76%","1386/51496",0.109250039480711
"GO:0035773","insulin secretion involved in cellular response to glucose stimulus",14,0.409019891553567,1.14734993994609,0.271287128712871,0.734735381376208,0.718499182547104,492,"tags=29%, list=11%, signal=25%","6810/226/5799/572",0.114750719227023
"GO:0140861","DNA repair-dependent chromatin remodeling",13,0.40533522707578,1.11972638443755,0.318359375,0.771199656612369,0.754157669416595,1623,"tags=54%, list=38%, signal=34%","51720/1503/2033/51548/9320/25842/5111",0.103576326612592
"GO:0140895","cell surface toll-like receptor signaling pathway",24,-0.347232534779126,-1.11178418483305,0.289205702647658,0.747024701914926,0.730516933406725,774,"tags=33%, list=18%, signal=28%","3146/6885/5295/51135/26060/8878/7128/4792",0.112378519110475
"GO:0141137","positive regulation of gene expression, epigenetic",27,-0.320032987755966,-1.07085195072499,0.382795698924731,0.818452721946827,0.800366535460395,1108,"tags=44%, list=26%, signal=33%","10467/1386/29028/57492/6597/51547/11143/8289/10432/4297/84159/29117",0.0982123351217438
"GO:0180064","protein O-linked glycosylation via xylose",6,-0.490198091648366,-1.0675373544181,0.39922480620155,0.829300567107751,0.810974664697239,76,"tags=17%, list=2%, signal=16%","50515",0.0897104652742981
"GO:0002524","hypersensitivity",2,-0.700532284193474,-1.06306360797035,0.434362934362934,0.845974165130954,0.827279809179803,1297,"tags=100%, list=30%, signal=70%","3133/2625",0.0847985102819124
"GO:0141085","regulation of inflammasome-mediated signaling pathway",17,-0.354589817293384,-1.04979254806791,0.369614512471655,0.807921707131615,0.790068235245223,927,"tags=47%, list=21%, signal=37%","8473/22900/3428/5610/81926/5515/1452/81559",0.103576326612592
"GO:0120316","sperm flagellum assembly",2,-0.689144353565925,-1.04578232787321,0.461389961389961,0.861017942867451,0.841991149180672,588,"tags=50%, list=14%, signal=43%","90522",0.0815265143256594
"GO:0141156","cAMP/PKA signal transduction",14,0.364392714395568,1.02216534601911,0.441584158415842,0.850376067459892,0.831584438172993,410,"tags=21%, list=9%, signal=19%","1390/5142/5144",0.0852884689790502
"GO:0141086","negative regulation of inflammasome-mediated signaling pathway",10,-0.397279415707181,-1.00054803514595,0.458248472505092,0.860220816807804,0.841211638030452,927,"tags=60%, list=21%, signal=47%","8473/22900/3428/81926/1452/81559",0.0847985102819124
"GO:0141084","inflammasome-mediated signaling pathway",20,-0.315066321010655,-0.96369484175481,0.488517745302714,0.87260885531067,0.853325925382451,927,"tags=45%, list=21%, signal=36%","8473/22900/3428/5610/81926/5515/1452/51135/81559",0.0826646449123753
NA,NA,NA,NA,NA,NA,NA,NA,NA,NA,NA,NA
NA,NA,NA,NA,NA,NA,NA,NA,NA,NA,NA,NA
NA,NA,NA,NA,NA,NA,NA,NA,NA,NA,NA,NA
NA,NA,NA,NA,NA,NA,NA,NA,NA,NA,NA,NA
NA,NA,NA,NA,NA,NA,NA,NA,NA,NA,NA,NA
NA,NA,NA,NA,NA,NA,NA,NA,NA,NA,NA,NA
NA,NA,NA,NA,NA,NA,NA,NA,NA,NA,NA,NA
NA,NA,NA,NA,NA,NA,NA,NA,NA,NA,NA,NA
NA,NA,NA,NA,NA,NA,NA,NA,NA,NA,NA,NA
NA,NA,NA,NA,NA,NA,NA,NA,NA,NA,NA,NA
NA,NA,NA,NA,NA,NA,NA,NA,NA,NA,NA,NA
NA,NA,NA,NA,NA,NA,NA,NA,NA,NA,NA,NA
NA,NA,NA,NA,NA,NA,NA,NA,NA,NA,NA,NA
NA,NA,NA,NA,NA,NA,NA,NA,NA,NA,NA,NA
NA,NA,NA,NA,NA,NA,NA,NA,NA,NA,NA,NA
NA,NA,NA,NA,NA,NA,NA,NA,NA,NA,NA,NA
NA,NA,NA,NA,NA,NA,NA,NA,NA,NA,NA,NA
NA,NA,NA,NA,NA,NA,NA,NA,NA,NA,NA,NA
NA,NA,NA,NA,NA,NA,NA,NA,NA,NA,NA,NA
NA,NA,NA,NA,NA,NA,NA,NA,NA,NA,NA,NA
NA,NA,NA,NA,NA,NA,NA,NA,NA,NA,NA,NA
NA,NA,NA,NA,NA,NA,NA,NA,NA,NA,NA,NA
NA,NA,NA,NA,NA,NA,NA,NA,NA,NA,NA,NA
NA,NA,NA,NA,NA,NA,NA,NA,NA,NA,NA,NA
NA,NA,NA,NA,NA,NA,NA,NA,NA,NA,NA,NA
NA,NA,NA,NA,NA,NA,NA,NA,NA,NA,NA,NA
NA,NA,NA,NA,NA,NA,NA,NA,NA,NA,NA,NA
NA,NA,NA,NA,NA,NA,NA,NA,NA,NA,NA,NA
NA,NA,NA,NA,NA,NA,NA,NA,NA,NA,NA,NA
NA,NA,NA,NA,NA,NA,NA,NA,NA,NA,NA,NA
NA,NA,NA,NA,NA,NA,NA,NA,NA,NA,NA,NA
NA,NA,NA,NA,NA,NA,NA,NA,NA,NA,NA,NA
NA,NA,NA,NA,NA,NA,NA,NA,NA,NA,NA,NA
NA,NA,NA,NA,NA,NA,NA,NA,NA,NA,NA,NA
NA,NA,NA,NA,NA,NA,NA,NA,NA,NA,NA,NA
NA,NA,NA,NA,NA,NA,NA,NA,NA,NA,NA,NA
NA,NA,NA,NA,NA,NA,NA,NA,NA,NA,NA,NA
NA,NA,NA,NA,NA,NA,NA,NA,NA,NA,NA,NA
NA,NA,NA,NA,NA,NA,NA,NA,NA,NA,NA,NA
NA,NA,NA,NA,NA,NA,NA,NA,NA,NA,NA,NA
NA,NA,NA,NA,NA,NA,NA,NA,NA,NA,NA,NA
NA,NA,NA,NA,NA,NA,NA,NA,NA,NA,NA,NA
NA,NA,NA,NA,NA,NA,NA,NA,NA,NA,NA,NA
NA,NA,NA,NA,NA,NA,NA,NA,NA,NA,NA,NA
NA,NA,NA,NA,NA,NA,NA,NA,NA,NA,NA,NA
NA,NA,NA,NA,NA,NA,NA,NA,NA,NA,NA,NA
NA,NA,NA,NA,NA,NA,NA,NA,NA,NA,NA,NA
NA,NA,NA,NA,NA,NA,NA,NA,NA,NA,NA,NA
NA,NA,NA,NA,NA,NA,NA,NA,NA,NA,NA,NA
NA,NA,NA,NA,NA,NA,NA,NA,NA,NA,NA,NA
NA,NA,NA,NA,NA,NA,NA,NA,NA,NA,NA,NA
NA,NA,NA,NA,NA,NA,NA,NA,NA,NA,NA,NA
NA,NA,NA,NA,NA,NA,NA,NA,NA,NA,NA,NA
NA,NA,NA,NA,NA,NA,NA,NA,NA,NA,NA,NA
NA,NA,NA,NA,NA,NA,NA,NA,NA,NA,NA,NA
NA,NA,NA,NA,NA,NA,NA,NA,NA,NA,NA,NA
NA,NA,NA,NA,NA,NA,NA,NA,NA,NA,NA,NA
NA,NA,NA,NA,NA,NA,NA,NA,NA,NA,NA,NA
NA,NA,NA,NA,NA,NA,NA,NA,NA,NA,NA,NA
NA,NA,NA,NA,NA,NA,NA,NA,NA,NA,NA,NA
NA,NA,NA,NA,NA,NA,NA,NA,NA,NA,NA,NA
NA,NA,NA,NA,NA,NA,NA,NA,NA,NA,NA,NA
NA,NA,NA,NA,NA,NA,NA,NA,NA,NA,NA,NA
NA,NA,NA,NA,NA,NA,NA,NA,NA,NA,NA,NA
NA,NA,NA,NA,NA,NA,NA,NA,NA,NA,NA,NA
NA,NA,NA,NA,NA,NA,NA,NA,NA,NA,NA,NA
NA,NA,NA,NA,NA,NA,NA,NA,NA,NA,NA,NA
NA,NA,NA,NA,NA,NA,NA,NA,NA,NA,NA,NA
NA,NA,NA,NA,NA,NA,NA,NA,NA,NA,NA,NA
NA,NA,NA,NA,NA,NA,NA,NA,NA,NA,NA,NA
NA,NA,NA,NA,NA,NA,NA,NA,NA,NA,NA,NA
NA,NA,NA,NA,NA,NA,NA,NA,NA,NA,NA,NA
NA,NA,NA,NA,NA,NA,NA,NA,NA,NA,NA,NA
NA,NA,NA,NA,NA,NA,NA,NA,NA,NA,NA,NA
NA,NA,NA,NA,NA,NA,NA,NA,NA,NA,NA,NA
NA,NA,NA,NA,NA,NA,NA,NA,NA,NA,NA,NA
NA,NA,NA,NA,NA,NA,NA,NA,NA,NA,NA,NA
NA,NA,NA,NA,NA,NA,NA,NA,NA,NA,NA,NA
NA,NA,NA,NA,NA,NA,NA,NA,NA,NA,NA,NA
NA,NA,NA,NA,NA,NA,NA,NA,NA,NA,NA,NA
NA,NA,NA,NA,NA,NA,NA,NA,NA,NA,NA,NA
NA,NA,NA,NA,NA,NA,NA,NA,NA,NA,NA,NA
NA,NA,NA,NA,NA,NA,NA,NA,NA,NA,NA,NA
NA,NA,NA,NA,NA,NA,NA,NA,NA,NA,NA,NA
NA,NA,NA,NA,NA,NA,NA,NA,NA,NA,NA,NA
NA,NA,NA,NA,NA,NA,NA,NA,NA,NA,NA,NA
NA,NA,NA,NA,NA,NA,NA,NA,NA,NA,NA,NA
NA,NA,NA,NA,NA,NA,NA,NA,NA,NA,NA,NA
NA,NA,NA,NA,NA,NA,NA,NA,NA,NA,NA,NA
NA,NA,NA,NA,NA,NA,NA,NA,NA,NA,NA,NA
NA,NA,NA,NA,NA,NA,NA,NA,NA,NA,NA,NA
NA,NA,NA,NA,NA,NA,NA,NA,NA,NA,NA,NA
NA,NA,NA,NA,NA,NA,NA,NA,NA,NA,NA,NA
